,ra_deg,dec_deg
0,80.9,-69.75
1,13.186588,-72.828599
2,23.462042,30.660221999999997
